name,MDVP:Fo(Hz),MDVP:Fhi(Hz),MDVP:Flo(Hz),MDVP:Jitter(%),MDVP:Jitter(Abs),MDVP:RAP,MDVP:PPQ,Jitter:DDP,MDVP:Shimmer,MDVP:Shimmer(dB),Shimmer:APQ3,Shimmer:APQ5,MDVP:APQ,Shimmer:DDA,NHR,HNR,status
subject_01,119.992,123.104,116.551,0.00784,0.00007,0.00370,0.00512,0.00954,0.04374,0.426,0.02182,0.03130,0.02971,0.06523,0.02211,21.034,1
subject_02,122.400,123.500,120.000,0.00950,0.00010,0.00410,0.00600,0.01000,0.05000,0.450,0.02400,0.03400,0.03150,0.07000,0.02500,19.500,1
subject_03,116.682,117.500,115.000,0.00500,0.00005,0.00250,0.00400,0.00750,0.03500,0.380,0.01800,0.02700,0.02500,0.06000,0.02000,23.000,0
subject_04,120.000,121.000,118.500,0.00650,0.00006,0.00300,0.00450,0.00800,0.04000,0.400,0.02000,0.02900,0.02700,0.06200,0.02100,22.000,1
subject_05,118.500,119.800,117.000,0.00700,0.00007,0.00350,0.00500,0.00850,0.04200,0.410,0.02100,0.03000,0.02800,0.06400,0.02200,21.500,0
