name,MDVP:Fo(Hz),MDVP:Fhi(Hz),MDVP:Flo(Hz),MDVP:Jitter(%),MDVP:Jitter(Abs),MDVP:RAP,MDVP:PPQ,Jitter:DDP,MDVP:Shimmer,MDVP:Shimmer(dB),Shimmer:APQ3,Shimmer:APQ5,MDVP:APQ,Jitter:DDP,HNR,status
phon1,119.992,157.302,74.997,0.00784,0.00007,0.00370,0.00519,0.01118,0.04374,0.426,0.02182,0.03130,0.02971,0.01149,21.0,1
phon2,122.400,148.650,113.819,0.00968,0.00009,0.00442,0.00605,0.01650,0.04507,0.451,0.02350,0.03430,0.03261,0.01303,19.7,0
phon3,116.682,151.706,111.555,0.01050,0.00010,0.00511,0.00715,0.01755,0.04873,0.483,0.02615,0.03816,0.03605,0.01554,20.5,1
phon4,120.342,154.120,108.800,0.00995,0.00009,0.00496,0.00660,0.01690,0.04406,0.455,0.02405,0.03498,0.03389,0.01396,21.2,0
phon5,126.152,157.313,103.393,0.01203,0.00012,0.00615,0.00831,0.02113,0.05699,0.532,0.03104,0.04484,0.04241,0.02017,18.9,1
